,recording_duration_sec,left_contact_count,right_contact_count,left_contacts_per_sec,right_contacts_per_sec,mean_left_contact_duration,mean_right_contact_duration,std_left_contact_duration,std_right_contact_duration,cv_left_contact_duration,cv_right_contact_duration,contact_count_difference,mean_contact_duration_difference,cv_contact_duration_difference
Control,121.1715,94,98,0.7757599765621455,0.8087710393945772,0.7777106382978712,0.784537755102041,0.07087804529587814,0.12696223118504868,0.09113678250692916,0.16183061982598315,4,0.006827116804169808,0.07069383731905399
Parkinson,121.1715,76,80,0.6272101938162027,0.6602212566486344,1.0674315789473692,1.0876587500000003,0.13445867589265922,0.13212480836602833,0.1259646787152892,0.12147634390476635,4,0.020227171052631165,0.004488334810522868
