group,left_contacts_per_sec,right_contacts_per_sec,mean_left_contact_duration,mean_right_contact_duration,cv_left_contact_duration,cv_right_contact_duration,contact_count_difference,mean_contact_duration_difference,cv_contact_duration_difference
Control,0.914830275281581,0.9160569935999804,0.6878360360360359,0.6829389097958714,0.10955080760292385,0.11883834453616035,1.0,0.008874593913368499,0.03447288737947535
Parkinson,0.9073491618892175,0.9078042278918724,0.712675553797468,0.714898562030075,0.1289616828894111,0.12573445028124686,1.0,0.021305241421915498,0.03850852990752935
