group,left_contacts_per_sec,right_contacts_per_sec,mean_left_contact_duration,mean_right_contact_duration,cv_left_contact_duration,cv_right_contact_duration,mean_step_time,cv_step_time,mean_left_stride_time,mean_right_stride_time,cv_left_stride_time,cv_right_stride_time,mean_left_swing_time,mean_right_swing_time,cv_left_swing_time,cv_right_swing_time,mean_left_peak_force,mean_right_peak_force,cv_left_peak_force,cv_right_peak_force,mean_left_force_area,mean_right_force_area,cv_left_force_area,cv_right_force_area,stride_time_symmetry_index,swing_time_symmetry_index,peak_force_symmetry_index,force_area_symmetry_index,contact_count_difference,mean_contact_duration_difference,cv_contact_duration_difference
Control,0.914830275281581,0.9160569935999804,0.6878360360360359,0.6829389097958714,0.10955080760292385,0.11883834453616035,0.5493248287671233,0.15852994641522936,1.093104534501643,1.0943498295454546,0.0815123923988346,0.0780618602637791,0.399713343253968,0.39936617759877274,0.0860255661979692,0.08774842709982214,963.7697939958591,979.667404904905,0.040022708601011744,0.039455312894091446,482.3633917665285,474.17974858568874,0.09853428269245651,0.10776771819929054,0.00581484250511305,0.02385740442245135,0.03653944167951105,0.038608091939347555,1.0,0.008874593913368499,0.03447288737947535
Parkinson,0.9073491618892175,0.9078042278918724,0.712675553797468,0.714898562030075,0.1289616828894111,0.12573445028124686,0.5593549452861953,0.27552295949606054,1.1054803435966087,1.1030213608957795,0.11133679667523015,0.10678448124093926,0.37893863022941965,0.37531104651162817,0.1309436317331815,0.1266726862411732,977.3591666666666,990.6670911949686,0.037470686765359904,0.03465371775169715,499.39804003750004,502.4394035590277,0.10873820943656805,0.1154604336826736,0.008746047793948799,0.05455637206474,0.0424134148432777,0.0523640218008834,1.0,0.021305241421915498,0.03850852990752935
