recording_duration_sec,left_contact_count,right_contact_count,left_contacts_per_sec,right_contacts_per_sec,mean_left_contact_duration,mean_right_contact_duration,std_left_contact_duration,std_right_contact_duration,cv_left_contact_duration,cv_right_contact_duration,contact_count_difference,mean_contact_duration_difference,cv_contact_duration_difference,file_name,study,group
121.1715,94,98,0.7757599765621455,0.8087710393945772,0.7777106382978712,0.784537755102041,0.07087804529587814,0.12696223118504868,0.09113678250692916,0.16183061982598315,4,0.006827116804169808,0.07069383731905399,GaCo01_01.txt,Ga,Control
121.1715,76,80,0.6272101938162027,0.6602212566486344,1.0674315789473692,1.0876587500000003,0.13445867589265922,0.13212480836602833,0.1259646787152892,0.12147634390476635,4,0.020227171052631165,0.004488334810522868,GaPt03_01.txt,Ga,Parkinson
53.4763,44,45,0.822794396770158,0.8414942694240252,0.8063090909090908,0.7661688888888889,0.17965838748720642,0.12766359882380893,0.2228157781089218,0.16662592370325666,1,0.040140202020201854,0.05618985440566515,JuCo01_01.txt,Ju,Control
82.2642,73,72,0.8873847919265002,0.8752288358727125,0.7265260273972601,0.680502777777778,0.1620391490996662,0.043658756675250966,0.22303282055862833,0.0641566178727752,1,0.04602324961948212,0.15887620268585312,JuPt01_01.txt,Ju,Parkinson
121.1715,95,95,0.7840127422702533,0.7840127422702533,0.8301505263157892,0.8207873684210526,0.12286571191595158,0.07282430217778942,0.14800413662475168,0.0887249304504788,0,0.009363157894736629,0.059279206174272875,SiCo01_01.txt,Si,Control
121.1715,108,109,0.8912986964756564,0.8995514621837644,0.7703166666666669,0.7577477064220183,0.044549641533324975,0.054945226254965,0.057832893225718815,0.07251124060065968,1,0.012568960244648597,0.014678347374940864,SiPt02_01.txt,Si,Parkinson
