study,group,left_contacts_per_sec,right_contacts_per_sec,mean_left_contact_duration,mean_right_contact_duration,cv_left_contact_duration,cv_right_contact_duration,contact_count_difference,mean_contact_duration_difference,cv_contact_duration_difference
Ga,Control,0.9119306107459264,0.9201833764540341,0.6810660479323306,0.6779083566015152,0.11436687554964176,0.12453539869414915,1.0,0.0080211780268401,0.02824025040650965
Ga,Parkinson,0.8912986964756564,0.8830459307675486,0.7412800000000007,0.7500342342342343,0.1259646787152892,0.1304006640170211,1.0,0.0212468891855805,0.034073877441531
Ju,Control,0.9100733746658324,0.9138725858532524,0.6925812500000003,0.7032489999999997,0.1146673598927773,0.1466730569377023,1.0,0.0148822500000007,0.0572429375130826
Ju,Parkinson,0.9341913514364526,0.9406411371610663,0.7015866341991338,0.697477388865808,0.13925705816864165,0.1448122885911543,1.0,0.0205391677097999,0.0482626077200876
Si,Control,0.940815290724304,0.9160569935999804,0.6876108108108109,0.6823828828828822,0.0785232554512635,0.0808276592578796,1.0,0.0063999999999998,0.0315275491664295
Si,Parkinson,0.8747931650594406,0.8747931650594406,0.7326650485436896,0.7317377358490562,0.0977479369504271,0.090324450833107,1.0,0.0229206040992451,0.0258349497866788
